[
 {
  "model": "reeduc.Game",
  "pk": 0,
  "fields": {
   "name": "Coordinate Finger",
   "description": "Using Coordinate Finger"
  }
 },
 {
  "model": "reeduc.Game",
  "pk": 1,
  "fields": {
   "name": "Coordinate arms",
   "description": "Using Coordinate arms"
  }
 },
 {
  "model": "reeduc.Game",
  "pk": 2,
  "fields": {
   "name": "Coordinate hand",
   "description": "Using Coordinate hand"
  }
 },
 {
  "model": "reeduc.Game",
  "pk": 3,
  "fields": {
   "name": "Coordinate all",
   "description": "Using Coordinate all"
  }
 },
 {
  "model": "auth.user",
  "pk": 0,
  "fields": {
   "username": "cyrilmanuel",
   "first_name": "cyril",
   "last_name": "jeanneret",
   "is_active": true,
   "is_superuser": false,
   "is_staff": true,
   "last_login": "2017-03-13T10:28:35Z",
   "groups": [],
   "user_permissions": [],
   "password": "pbkdf2_sha256$30000$0cyM5L5fiEBJ$UYs/ImX/lZVnqTxc49QAX33XbcWqrQx1iETUpjfQy/M=",
   "email": "cyrilmanuel@gmail.com",
   "date_joined": "2017-03-13T08:28:35Z"
  }
 },
 {
  "model": "auth.user",
  "pk": 1,
  "fields": {
   "username": "user1",
   "first_name": "user",
   "last_name": "user",
   "is_active": true,
   "is_superuser": false,
   "is_staff": true,
   "last_login": "2017-03-13T10:28:35Z",
   "groups": [],
   "user_permissions": [],
   "password": "pbkdf2_sha256$30000$GFeBUxNTdwZ7$ymCYFP1tJ7XNb+KtRs5V0V8KSjc+WJ+yA/p0j6vUtX8=",
   "email": "user1@gmail.com",
   "date_joined": "2017-03-13T08:28:35Z"
  }
 },
 {
  "model": "auth.user",
  "pk": 2,
  "fields": {
   "username": "user2",
   "first_name": "user",
   "last_name": "user",
   "is_active": true,
   "is_superuser": false,
   "is_staff": true,
   "last_login": "2017-03-13T10:28:35Z",
   "groups": [],
   "user_permissions": [],
   "password": "pbkdf2_sha256$30000$h84EeSMydNJL$fmlAQcCC1UPwzjmAD2fd5Yzz5OF5EcQq2vOV7S6Sjyc=",
   "email": "user2@gmail.com",
   "date_joined": "2017-03-13T08:28:35Z"
  }
 },
 {
  "model": "auth.user",
  "pk": 3,
  "fields": {
   "username": "user3",
   "first_name": "user",
   "last_name": "user",
   "is_active": true,
   "is_superuser": false,
   "is_staff": true,
   "last_login": "2017-03-13T10:28:35Z",
   "groups": [],
   "user_permissions": [],
   "password": "pbkdf2_sha256$30000$YEFod6b9yP8Z$S+oVJcsLHSTF+cxm4gZyYQUi0471CvbFi3tJB3xg2KI=",
   "email": "user3@gmail.com",
   "date_joined": "2017-03-13T08:28:35Z"
  }
 },
 {
  "model": "reeduc.Player",
  "pk": 0,
  "fields": {
   "size": 200,
   "weight": 70,
   "gender": "M",
   "strong_arm": "L",
   "handicap": "T:T:T:T:T:T:T:T:T:T:F:F",
   "birthdate": "1999-11-25",
   "user_id": 0,
   "spec_id": "testee0",
   "phone_number": "0775142122"
  }
 },
 {
  "model": "reeduc.Player",
  "pk": 1,
  "fields": {
   "size": 204,
   "weight": 84,
   "gender": "M",
   "strong_arm": "L",
   "handicap": "T:T:T:T:T:T:T:T:T:T:F:F",
   "birthdate": "2010-09-25",
   "user_id": 1,
   "spec_id": "testee1",
   "phone_number": "0775142122"
  }
 },
 {
  "model": "reeduc.Player",
  "pk": 2,
  "fields": {
   "size": 156,
   "weight": 104,
   "gender": "M",
   "strong_arm": "L",
   "handicap": "T:T:T:T:T:T:T:T:T:T:F:F",
   "birthdate": "2006-03-18",
   "user_id": 2,
   "spec_id": "testee2",
   "phone_number": "0775142122"
  }
 },
 {
  "model": "reeduc.Player",
  "pk": 3,
  "fields": {
   "size": 184,
   "weight": 73,
   "gender": "M",
   "strong_arm": "L",
   "handicap": "T:T:T:T:T:T:T:T:T:T:F:F",
   "birthdate": "2005-10-22",
   "user_id": 3,
   "spec_id": "testee3",
   "phone_number": "0775142122"
  }
 },
 {
  "model": "reeduc.playedgame",
  "pk": 0,
  "fields": {
   "game": 0,
   "player": 3,
   "comments": "Beaucoup d'erreurs ont été détectées avec l'index",
   "needed_time": 126,
   "score": 57,
   "date": "1992-01-20T17:41:28+00:00",
   "errors": 7
  }
 },
 {
  "model": "reeduc.playedgame",
  "pk": 1,
  "fields": {
   "game": 2,
   "player": 2,
   "comments": "Beaucoup d'erreurs ont été détectées avec l'index",
   "needed_time": 144,
   "score": 15,
   "date": "1996-08-11T17:41:28+00:00",
   "errors": 10
  }
 },
 {
  "model": "reeduc.playedgame",
  "pk": 2,
  "fields": {
   "game": 1,
   "player": 3,
   "comments": "Beaucoup d'erreurs ont été détectées avec l'index",
   "needed_time": 147,
   "score": 1892,
   "date": "1997-08-09T17:41:28+00:00",
   "errors": 20
  }
 },
 {
  "model": "reeduc.playedgame",
  "pk": 3,
  "fields": {
   "game": 2,
   "player": 0,
   "comments": "Beaucoup d'erreurs ont été détectées avec l'index",
   "needed_time": 186,
   "score": 114,
   "date": "2010-04-04T17:41:28+00:00",
   "errors": 3
  }
 },
 {
  "model": "reeduc.playedgame",
  "pk": 4,
  "fields": {
   "game": 2,
   "player": 0,
   "comments": "Beaucoup d'erreurs ont été détectées avec l'index",
   "needed_time": 193,
   "score": 656,
   "date": "2004-01-05T17:41:28+00:00",
   "errors": 16
  }
 },
 {
  "model": "reeduc.playedgame",
  "pk": 5,
  "fields": {
   "game": 0,
   "player": 1,
   "comments": "Beaucoup d'erreurs ont été détectées avec l'index",
   "needed_time": 129,
   "score": 887,
   "date": "2007-11-04T17:41:28+00:00",
   "errors": 2
  }
 },
 {
  "model": "reeduc.playedgame",
  "pk": 6,
  "fields": {
   "game": 1,
   "player": 2,
   "comments": "Beaucoup d'erreurs ont été détectées avec l'index",
   "needed_time": 144,
   "score": 2827,
   "date": "1998-12-19T17:41:28+00:00",
   "errors": 4
  }
 },
 {
  "model": "reeduc.playedgame",
  "pk": 7,
  "fields": {
   "game": 3,
   "player": 2,
   "comments": "Beaucoup d'erreurs ont été détectées avec l'index",
   "needed_time": 180,
   "score": 781,
   "date": "2001-06-04T17:41:28+00:00",
   "errors": 4
  }
 },
 {
  "model": "reeduc.playedgame",
  "pk": 8,
  "fields": {
   "game": 0,
   "player": 3,
   "comments": "Beaucoup d'erreurs ont été détectées avec l'index",
   "needed_time": 154,
   "score": 507,
   "date": "2010-06-09T17:41:28+00:00",
   "errors": 10
  }
 },
 {
  "model": "reeduc.playedgame",
  "pk": 9,
  "fields": {
   "game": 2,
   "player": 1,
   "comments": "Beaucoup d'erreurs ont été détectées avec l'index",
   "needed_time": 113,
   "score": 422,
   "date": "1997-02-25T17:41:28+00:00",
   "errors": 8
  }
 },
 {
  "model": "reeduc.playedgame",
  "pk": 10,
  "fields": {
   "game": 0,
   "player": 0,
   "comments": "Beaucoup d'erreurs ont été détectées avec l'index",
   "needed_time": 132,
   "score": 875,
   "date": "1991-07-09T17:41:28+00:00",
   "errors": 0
  }
 },
 {
  "model": "reeduc.playedgame",
  "pk": 11,
  "fields": {
   "game": 1,
   "player": 2,
   "comments": "Beaucoup d'erreurs ont été détectées avec l'index",
   "needed_time": 130,
   "score": 2240,
   "date": "1993-10-17T17:41:28+00:00",
   "errors": 6
  }
 },
 {
  "model": "reeduc.playedgame",
  "pk": 12,
  "fields": {
   "game": 0,
   "player": 1,
   "comments": "Beaucoup d'erreurs ont été détectées avec l'index",
   "needed_time": 190,
   "score": 2548,
   "date": "1995-10-24T17:41:28+00:00",
   "errors": 16
  }
 },
 {
  "model": "reeduc.playedgame",
  "pk": 13,
  "fields": {
   "game": 0,
   "player": 2,
   "comments": "Beaucoup d'erreurs ont été détectées avec l'index",
   "needed_time": 148,
   "score": 2751,
   "date": "2001-11-22T17:41:28+00:00",
   "errors": 16
  }
 },
 {
  "model": "reeduc.playedgame",
  "pk": 14,
  "fields": {
   "game": 0,
   "player": 2,
   "comments": "Beaucoup d'erreurs ont été détectées avec l'index",
   "needed_time": 117,
   "score": 1424,
   "date": "2010-01-06T17:41:28+00:00",
   "errors": 8
  }
 },
 {
  "model": "reeduc.playedgame",
  "pk": 15,
  "fields": {
   "game": 1,
   "player": 0,
   "comments": "Beaucoup d'erreurs ont été détectées avec l'index",
   "needed_time": 169,
   "score": 476,
   "date": "1998-08-24T17:41:28+00:00",
   "errors": 13
  }
 },
 {
  "model": "reeduc.playedgame",
  "pk": 16,
  "fields": {
   "game": 3,
   "player": 0,
   "comments": "Beaucoup d'erreurs ont été détectées avec l'index",
   "needed_time": 176,
   "score": 1621,
   "date": "2001-11-13T17:41:28+00:00",
   "errors": 10
  }
 },
 {
  "model": "reeduc.playedgame",
  "pk": 17,
  "fields": {
   "game": 3,
   "player": 0,
   "comments": "Beaucoup d'erreurs ont été détectées avec l'index",
   "needed_time": 154,
   "score": 1868,
   "date": "1995-04-08T17:41:28+00:00",
   "errors": 11
  }
 },
 {
  "model": "reeduc.playedgame",
  "pk": 18,
  "fields": {
   "game": 1,
   "player": 2,
   "comments": "Beaucoup d'erreurs ont été détectées avec l'index",
   "needed_time": 119,
   "score": 2172,
   "date": "1992-07-07T17:41:28+00:00",
   "errors": 20
  }
 },
 {
  "model": "reeduc.playedgame",
  "pk": 19,
  "fields": {
   "game": 2,
   "player": 2,
   "comments": "Beaucoup d'erreurs ont été détectées avec l'index",
   "needed_time": 172,
   "score": 1113,
   "date": "1997-11-09T17:41:28+00:00",
   "errors": 4
  }
 },
 {
  "model": "reeduc.playedgame",
  "pk": 20,
  "fields": {
   "game": 1,
   "player": 2,
   "comments": "Beaucoup d'erreurs ont été détectées avec l'index",
   "needed_time": 175,
   "score": 181,
   "date": "1991-09-14T17:41:28+00:00",
   "errors": 16
  }
 },
 {
  "model": "reeduc.playedgame",
  "pk": 21,
  "fields": {
   "game": 1,
   "player": 1,
   "comments": "Beaucoup d'erreurs ont été détectées avec l'index",
   "needed_time": 173,
   "score": 2421,
   "date": "2010-06-21T17:41:28+00:00",
   "errors": 13
  }
 },
 {
  "model": "reeduc.playedgame",
  "pk": 22,
  "fields": {
   "game": 2,
   "player": 3,
   "comments": "Beaucoup d'erreurs ont été détectées avec l'index",
   "needed_time": 154,
   "score": 962,
   "date": "2010-01-04T17:41:28+00:00",
   "errors": 14
  }
 },
 {
  "model": "reeduc.playedgame",
  "pk": 23,
  "fields": {
   "game": 1,
   "player": 1,
   "comments": "Beaucoup d'erreurs ont été détectées avec l'index",
   "needed_time": 150,
   "score": 2128,
   "date": "1992-06-05T17:41:28+00:00",
   "errors": 7
  }
 },
 {
  "model": "reeduc.playedgame",
  "pk": 24,
  "fields": {
   "game": 0,
   "player": 0,
   "comments": "Beaucoup d'erreurs ont été détectées avec l'index",
   "needed_time": 178,
   "score": 1580,
   "date": "2000-08-15T17:41:28+00:00",
   "errors": 14
  }
 },
 {
  "model": "reeduc.playedgame",
  "pk": 25,
  "fields": {
   "game": 0,
   "player": 2,
   "comments": "Beaucoup d'erreurs ont été détectées avec l'index",
   "needed_time": 112,
   "score": 2860,
   "date": "1992-03-20T17:41:28+00:00",
   "errors": 3
  }
 },
 {
  "model": "reeduc.playedgame",
  "pk": 26,
  "fields": {
   "game": 2,
   "player": 1,
   "comments": "Beaucoup d'erreurs ont été détectées avec l'index",
   "needed_time": 195,
   "score": 563,
   "date": "2004-07-03T17:41:28+00:00",
   "errors": 6
  }
 },
 {
  "model": "reeduc.playedgame",
  "pk": 27,
  "fields": {
   "game": 0,
   "player": 0,
   "comments": "Beaucoup d'erreurs ont été détectées avec l'index",
   "needed_time": 168,
   "score": 2810,
   "date": "1996-09-02T17:41:28+00:00",
   "errors": 17
  }
 },
 {
  "model": "reeduc.playedgame",
  "pk": 28,
  "fields": {
   "game": 3,
   "player": 0,
   "comments": "Beaucoup d'erreurs ont été détectées avec l'index",
   "needed_time": 139,
   "score": 2055,
   "date": "1995-05-24T17:41:28+00:00",
   "errors": 6
  }
 },
 {
  "model": "reeduc.playedgame",
  "pk": 29,
  "fields": {
   "game": 3,
   "player": 2,
   "comments": "Beaucoup d'erreurs ont été détectées avec l'index",
   "needed_time": 127,
   "score": 1875,
   "date": "1999-09-08T17:41:28+00:00",
   "errors": 11
  }
 },
 {
  "model": "reeduc.playedgame",
  "pk": 30,
  "fields": {
   "game": 2,
   "player": 3,
   "comments": "Beaucoup d'erreurs ont été détectées avec l'index",
   "needed_time": 143,
   "score": 574,
   "date": "2000-06-10T17:41:28+00:00",
   "errors": 19
  }
 },
 {
  "model": "reeduc.playedgame",
  "pk": 31,
  "fields": {
   "game": 0,
   "player": 0,
   "comments": "Beaucoup d'erreurs ont été détectées avec l'index",
   "needed_time": 134,
   "score": 2585,
   "date": "1997-07-07T17:41:28+00:00",
   "errors": 19
  }
 },
 {
  "model": "reeduc.playedgame",
  "pk": 32,
  "fields": {
   "game": 2,
   "player": 2,
   "comments": "Beaucoup d'erreurs ont été détectées avec l'index",
   "needed_time": 130,
   "score": 84,
   "date": "2005-07-14T17:41:28+00:00",
   "errors": 15
  }
 },
 {
  "model": "reeduc.playedgame",
  "pk": 33,
  "fields": {
   "game": 3,
   "player": 0,
   "comments": "Beaucoup d'erreurs ont été détectées avec l'index",
   "needed_time": 112,
   "score": 2257,
   "date": "1991-06-05T17:41:28+00:00",
   "errors": 18
  }
 },
 {
  "model": "reeduc.playedgame",
  "pk": 34,
  "fields": {
   "game": 2,
   "player": 2,
   "comments": "Beaucoup d'erreurs ont été détectées avec l'index",
   "needed_time": 151,
   "score": 893,
   "date": "2003-06-15T17:41:28+00:00",
   "errors": 10
  }
 },
 {
  "model": "reeduc.playedgame",
  "pk": 35,
  "fields": {
   "game": 1,
   "player": 3,
   "comments": "Beaucoup d'erreurs ont été détectées avec l'index",
   "needed_time": 176,
   "score": 2971,
   "date": "2006-07-09T17:41:28+00:00",
   "errors": 19
  }
 },
 {
  "model": "reeduc.playedgame",
  "pk": 36,
  "fields": {
   "game": 0,
   "player": 0,
   "comments": "Beaucoup d'erreurs ont été détectées avec l'index",
   "needed_time": 141,
   "score": 2102,
   "date": "2001-06-13T17:41:28+00:00",
   "errors": 15
  }
 },
 {
  "model": "reeduc.playedgame",
  "pk": 37,
  "fields": {
   "game": 2,
   "player": 2,
   "comments": "Beaucoup d'erreurs ont été détectées avec l'index",
   "needed_time": 185,
   "score": 495,
   "date": "2010-01-09T17:41:28+00:00",
   "errors": 6
  }
 },
 {
  "model": "reeduc.playedgame",
  "pk": 38,
  "fields": {
   "game": 3,
   "player": 1,
   "comments": "Beaucoup d'erreurs ont été détectées avec l'index",
   "needed_time": 142,
   "score": 297,
   "date": "1995-10-06T17:41:28+00:00",
   "errors": 0
  }
 },
 {
  "model": "reeduc.playedgame",
  "pk": 39,
  "fields": {
   "game": 3,
   "player": 1,
   "comments": "Beaucoup d'erreurs ont été détectées avec l'index",
   "needed_time": 135,
   "score": 2937,
   "date": "2006-01-08T17:41:28+00:00",
   "errors": 9
  }
 },
 {
  "model": "reeduc.playedgame",
  "pk": 40,
  "fields": {
   "game": 2,
   "player": 3,
   "comments": "Beaucoup d'erreurs ont été détectées avec l'index",
   "needed_time": 110,
   "score": 2442,
   "date": "2000-11-06T17:41:28+00:00",
   "errors": 18
  }
 },
 {
  "model": "reeduc.playedgame",
  "pk": 41,
  "fields": {
   "game": 0,
   "player": 0,
   "comments": "Beaucoup d'erreurs ont été détectées avec l'index",
   "needed_time": 134,
   "score": 968,
   "date": "2004-02-22T17:41:28+00:00",
   "errors": 7
  }
 },
 {
  "model": "reeduc.playedgame",
  "pk": 42,
  "fields": {
   "game": 1,
   "player": 0,
   "comments": "Beaucoup d'erreurs ont été détectées avec l'index",
   "needed_time": 111,
   "score": 836,
   "date": "2006-01-22T17:41:28+00:00",
   "errors": 13
  }
 },
 {
  "model": "reeduc.playedgame",
  "pk": 43,
  "fields": {
   "game": 3,
   "player": 2,
   "comments": "Beaucoup d'erreurs ont été détectées avec l'index",
   "needed_time": 183,
   "score": 1967,
   "date": "2003-12-16T17:41:28+00:00",
   "errors": 16
  }
 },
 {
  "model": "reeduc.playedgame",
  "pk": 44,
  "fields": {
   "game": 2,
   "player": 0,
   "comments": "Beaucoup d'erreurs ont été détectées avec l'index",
   "needed_time": 159,
   "score": 1554,
   "date": "1999-01-17T17:41:28+00:00",
   "errors": 7
  }
 },
 {
  "model": "reeduc.playedgame",
  "pk": 45,
  "fields": {
   "game": 2,
   "player": 2,
   "comments": "Beaucoup d'erreurs ont été détectées avec l'index",
   "needed_time": 108,
   "score": 2836,
   "date": "2010-01-08T17:41:28+00:00",
   "errors": 19
  }
 },
 {
  "model": "reeduc.playedgame",
  "pk": 46,
  "fields": {
   "game": 3,
   "player": 2,
   "comments": "Beaucoup d'erreurs ont été détectées avec l'index",
   "needed_time": 176,
   "score": 2380,
   "date": "2005-11-20T17:41:28+00:00",
   "errors": 13
  }
 },
 {
  "model": "reeduc.playedgame",
  "pk": 47,
  "fields": {
   "game": 0,
   "player": 3,
   "comments": "Beaucoup d'erreurs ont été détectées avec l'index",
   "needed_time": 161,
   "score": 987,
   "date": "1991-05-13T17:41:28+00:00",
   "errors": 14
  }
 },
 {
  "model": "reeduc.playedgame",
  "pk": 48,
  "fields": {
   "game": 1,
   "player": 1,
   "comments": "Beaucoup d'erreurs ont été détectées avec l'index",
   "needed_time": 113,
   "score": 2285,
   "date": "1992-02-21T17:41:28+00:00",
   "errors": 6
  }
 },
 {
  "model": "reeduc.playedgame",
  "pk": 49,
  "fields": {
   "game": 0,
   "player": 1,
   "comments": "Beaucoup d'erreurs ont été détectées avec l'index",
   "needed_time": 189,
   "score": 1876,
   "date": "1996-02-15T17:41:28+00:00",
   "errors": 13
  }
 },
 {
  "model": "reeduc.playedgame",
  "pk": 50,
  "fields": {
   "game": 1,
   "player": 2,
   "comments": "Beaucoup d'erreurs ont été détectées avec l'index",
   "needed_time": 184,
   "score": 915,
   "date": "1995-02-21T17:41:28+00:00",
   "errors": 18
  }
 },
 {
  "model": "reeduc.playedgame",
  "pk": 51,
  "fields": {
   "game": 0,
   "player": 0,
   "comments": "Beaucoup d'erreurs ont été détectées avec l'index",
   "needed_time": 155,
   "score": 1310,
   "date": "2004-05-04T17:41:28+00:00",
   "errors": 3
  }
 },
 {
  "model": "reeduc.playedgame",
  "pk": 52,
  "fields": {
   "game": 2,
   "player": 3,
   "comments": "Beaucoup d'erreurs ont été détectées avec l'index",
   "needed_time": 143,
   "score": 695,
   "date": "2003-12-05T17:41:28+00:00",
   "errors": 2
  }
 },
 {
  "model": "reeduc.playedgame",
  "pk": 53,
  "fields": {
   "game": 1,
   "player": 0,
   "comments": "Beaucoup d'erreurs ont été détectées avec l'index",
   "needed_time": 149,
   "score": 2422,
   "date": "1998-03-24T17:41:28+00:00",
   "errors": 6
  }
 },
 {
  "model": "reeduc.playedgame",
  "pk": 54,
  "fields": {
   "game": 3,
   "player": 1,
   "comments": "Beaucoup d'erreurs ont été détectées avec l'index",
   "needed_time": 147,
   "score": 2993,
   "date": "1999-03-05T17:41:28+00:00",
   "errors": 20
  }
 },
 {
  "model": "reeduc.playedgame",
  "pk": 55,
  "fields": {
   "game": 2,
   "player": 1,
   "comments": "Beaucoup d'erreurs ont été détectées avec l'index",
   "needed_time": 198,
   "score": 1243,
   "date": "1997-07-09T17:41:28+00:00",
   "errors": 7
  }
 },
 {
  "model": "reeduc.playedgame",
  "pk": 56,
  "fields": {
   "game": 2,
   "player": 2,
   "comments": "Beaucoup d'erreurs ont été détectées avec l'index",
   "needed_time": 128,
   "score": 437,
   "date": "2004-01-24T17:41:28+00:00",
   "errors": 10
  }
 },
 {
  "model": "reeduc.playedgame",
  "pk": 57,
  "fields": {
   "game": 1,
   "player": 1,
   "comments": "Beaucoup d'erreurs ont été détectées avec l'index",
   "needed_time": 138,
   "score": 1057,
   "date": "1990-04-06T17:41:28+00:00",
   "errors": 7
  }
 },
 {
  "model": "reeduc.playedgame",
  "pk": 58,
  "fields": {
   "game": 1,
   "player": 2,
   "comments": "Beaucoup d'erreurs ont été détectées avec l'index",
   "needed_time": 137,
   "score": 1330,
   "date": "2000-12-25T17:41:28+00:00",
   "errors": 12
  }
 },
 {
  "model": "reeduc.playedgame",
  "pk": 59,
  "fields": {
   "game": 1,
   "player": 3,
   "comments": "Beaucoup d'erreurs ont été détectées avec l'index",
   "needed_time": 156,
   "score": 2071,
   "date": "1999-05-21T17:41:28+00:00",
   "errors": 14
  }
 },
 {
  "model": "reeduc.playedgame",
  "pk": 60,
  "fields": {
   "game": 0,
   "player": 3,
   "comments": "Beaucoup d'erreurs ont été détectées avec l'index",
   "needed_time": 172,
   "score": 1932,
   "date": "2007-05-03T17:41:28+00:00",
   "errors": 7
  }
 },
 {
  "model": "reeduc.playedgame",
  "pk": 61,
  "fields": {
   "game": 3,
   "player": 2,
   "comments": "Beaucoup d'erreurs ont été détectées avec l'index",
   "needed_time": 160,
   "score": 2435,
   "date": "2008-05-05T17:41:28+00:00",
   "errors": 12
  }
 },
 {
  "model": "reeduc.playedgame",
  "pk": 62,
  "fields": {
   "game": 1,
   "player": 0,
   "comments": "Beaucoup d'erreurs ont été détectées avec l'index",
   "needed_time": 113,
   "score": 1522,
   "date": "2003-09-08T17:41:28+00:00",
   "errors": 1
  }
 },
 {
  "model": "reeduc.playedgame",
  "pk": 63,
  "fields": {
   "game": 0,
   "player": 1,
   "comments": "Beaucoup d'erreurs ont été détectées avec l'index",
   "needed_time": 114,
   "score": 2458,
   "date": "1997-05-21T17:41:28+00:00",
   "errors": 1
  }
 },
 {
  "model": "reeduc.playedgame",
  "pk": 64,
  "fields": {
   "game": 3,
   "player": 2,
   "comments": "Beaucoup d'erreurs ont été détectées avec l'index",
   "needed_time": 125,
   "score": 471,
   "date": "1994-03-21T17:41:28+00:00",
   "errors": 5
  }
 },
 {
  "model": "reeduc.playedgame",
  "pk": 65,
  "fields": {
   "game": 0,
   "player": 3,
   "comments": "Beaucoup d'erreurs ont été détectées avec l'index",
   "needed_time": 132,
   "score": 771,
   "date": "2007-10-16T17:41:28+00:00",
   "errors": 8
  }
 },
 {
  "model": "reeduc.playedgame",
  "pk": 66,
  "fields": {
   "game": 2,
   "player": 3,
   "comments": "Beaucoup d'erreurs ont été détectées avec l'index",
   "needed_time": 116,
   "score": 921,
   "date": "2003-11-20T17:41:28+00:00",
   "errors": 10
  }
 },
 {
  "model": "reeduc.playedgame",
  "pk": 67,
  "fields": {
   "game": 2,
   "player": 2,
   "comments": "Beaucoup d'erreurs ont été détectées avec l'index",
   "needed_time": 139,
   "score": 755,
   "date": "2003-07-03T17:41:28+00:00",
   "errors": 12
  }
 },
 {
  "model": "reeduc.playedgame",
  "pk": 68,
  "fields": {
   "game": 1,
   "player": 2,
   "comments": "Beaucoup d'erreurs ont été détectées avec l'index",
   "needed_time": 199,
   "score": 831,
   "date": "2005-11-21T17:41:28+00:00",
   "errors": 20
  }
 },
 {
  "model": "reeduc.playedgame",
  "pk": 69,
  "fields": {
   "game": 0,
   "player": 2,
   "comments": "Beaucoup d'erreurs ont été détectées avec l'index",
   "needed_time": 193,
   "score": 2153,
   "date": "1998-12-01T17:41:28+00:00",
   "errors": 12
  }
 },
 {
  "model": "reeduc.playedgame",
  "pk": 70,
  "fields": {
   "game": 0,
   "player": 0,
   "comments": "Beaucoup d'erreurs ont été détectées avec l'index",
   "needed_time": 184,
   "score": 672,
   "date": "1995-12-08T17:41:28+00:00",
   "errors": 1
  }
 },
 {
  "model": "reeduc.playedgame",
  "pk": 71,
  "fields": {
   "game": 3,
   "player": 0,
   "comments": "Beaucoup d'erreurs ont été détectées avec l'index",
   "needed_time": 133,
   "score": 713,
   "date": "2003-02-08T17:41:28+00:00",
   "errors": 19
  }
 },
 {
  "model": "reeduc.playedgame",
  "pk": 72,
  "fields": {
   "game": 0,
   "player": 3,
   "comments": "Beaucoup d'erreurs ont été détectées avec l'index",
   "needed_time": 146,
   "score": 252,
   "date": "1996-08-18T17:41:28+00:00",
   "errors": 4
  }
 },
 {
  "model": "reeduc.playedgame",
  "pk": 73,
  "fields": {
   "game": 3,
   "player": 3,
   "comments": "Beaucoup d'erreurs ont été détectées avec l'index",
   "needed_time": 162,
   "score": 958,
   "date": "1990-07-06T17:41:28+00:00",
   "errors": 5
  }
 },
 {
  "model": "reeduc.playedgame",
  "pk": 74,
  "fields": {
   "game": 2,
   "player": 2,
   "comments": "Beaucoup d'erreurs ont été détectées avec l'index",
   "needed_time": 133,
   "score": 2917,
   "date": "2007-04-12T17:41:28+00:00",
   "errors": 3
  }
 },
 {
  "model": "reeduc.playedgame",
  "pk": 75,
  "fields": {
   "game": 1,
   "player": 3,
   "comments": "Beaucoup d'erreurs ont été détectées avec l'index",
   "needed_time": 189,
   "score": 2598,
   "date": "1994-02-17T17:41:28+00:00",
   "errors": 15
  }
 },
 {
  "model": "reeduc.playedgame",
  "pk": 76,
  "fields": {
   "game": 3,
   "player": 0,
   "comments": "Beaucoup d'erreurs ont été détectées avec l'index",
   "needed_time": 146,
   "score": 2117,
   "date": "1990-08-08T17:41:28+00:00",
   "errors": 18
  }
 },
 {
  "model": "reeduc.playedgame",
  "pk": 77,
  "fields": {
   "game": 0,
   "player": 1,
   "comments": "Beaucoup d'erreurs ont été détectées avec l'index",
   "needed_time": 142,
   "score": 1602,
   "date": "1996-12-19T17:41:28+00:00",
   "errors": 3
  }
 },
 {
  "model": "reeduc.playedgame",
  "pk": 78,
  "fields": {
   "game": 0,
   "player": 2,
   "comments": "Beaucoup d'erreurs ont été détectées avec l'index",
   "needed_time": 188,
   "score": 587,
   "date": "2002-10-10T17:41:28+00:00",
   "errors": 10
  }
 },
 {
  "model": "reeduc.playedgame",
  "pk": 79,
  "fields": {
   "game": 1,
   "player": 1,
   "comments": "Beaucoup d'erreurs ont été détectées avec l'index",
   "needed_time": 164,
   "score": 2786,
   "date": "1998-04-10T17:41:28+00:00",
   "errors": 5
  }
 },
 {
  "model": "reeduc.playedgame",
  "pk": 80,
  "fields": {
   "game": 1,
   "player": 1,
   "comments": "Beaucoup d'erreurs ont été détectées avec l'index",
   "needed_time": 103,
   "score": 1726,
   "date": "1995-09-03T17:41:28+00:00",
   "errors": 4
  }
 },
 {
  "model": "reeduc.playedgame",
  "pk": 81,
  "fields": {
   "game": 0,
   "player": 1,
   "comments": "Beaucoup d'erreurs ont été détectées avec l'index",
   "needed_time": 194,
   "score": 1943,
   "date": "1998-05-11T17:41:28+00:00",
   "errors": 20
  }
 },
 {
  "model": "reeduc.playedgame",
  "pk": 82,
  "fields": {
   "game": 1,
   "player": 1,
   "comments": "Beaucoup d'erreurs ont été détectées avec l'index",
   "needed_time": 158,
   "score": 1778,
   "date": "1995-10-22T17:41:28+00:00",
   "errors": 16
  }
 },
 {
  "model": "reeduc.playedgame",
  "pk": 83,
  "fields": {
   "game": 2,
   "player": 3,
   "comments": "Beaucoup d'erreurs ont été détectées avec l'index",
   "needed_time": 131,
   "score": 2988,
   "date": "1991-10-09T17:41:28+00:00",
   "errors": 7
  }
 },
 {
  "model": "reeduc.playedgame",
  "pk": 84,
  "fields": {
   "game": 1,
   "player": 0,
   "comments": "Beaucoup d'erreurs ont été détectées avec l'index",
   "needed_time": 162,
   "score": 704,
   "date": "2009-12-06T17:41:28+00:00",
   "errors": 19
  }
 },
 {
  "model": "reeduc.playedgame",
  "pk": 85,
  "fields": {
   "game": 1,
   "player": 3,
   "comments": "Beaucoup d'erreurs ont été détectées avec l'index",
   "needed_time": 174,
   "score": 2990,
   "date": "2001-02-15T17:41:28+00:00",
   "errors": 8
  }
 },
 {
  "model": "reeduc.playedgame",
  "pk": 86,
  "fields": {
   "game": 2,
   "player": 0,
   "comments": "Beaucoup d'erreurs ont été détectées avec l'index",
   "needed_time": 163,
   "score": 809,
   "date": "2004-08-11T17:41:28+00:00",
   "errors": 11
  }
 },
 {
  "model": "reeduc.playedgame",
  "pk": 87,
  "fields": {
   "game": 1,
   "player": 2,
   "comments": "Beaucoup d'erreurs ont été détectées avec l'index",
   "needed_time": 140,
   "score": 1861,
   "date": "1993-08-03T17:41:28+00:00",
   "errors": 6
  }
 },
 {
  "model": "reeduc.playedgame",
  "pk": 88,
  "fields": {
   "game": 0,
   "player": 2,
   "comments": "Beaucoup d'erreurs ont été détectées avec l'index",
   "needed_time": 191,
   "score": 674,
   "date": "2000-02-13T17:41:28+00:00",
   "errors": 8
  }
 },
 {
  "model": "reeduc.playedgame",
  "pk": 89,
  "fields": {
   "game": 3,
   "player": 1,
   "comments": "Beaucoup d'erreurs ont été détectées avec l'index",
   "needed_time": 114,
   "score": 2427,
   "date": "2010-10-08T17:41:28+00:00",
   "errors": 0
  }
 },
 {
  "model": "reeduc.playedgame",
  "pk": 90,
  "fields": {
   "game": 0,
   "player": 3,
   "comments": "Beaucoup d'erreurs ont été détectées avec l'index",
   "needed_time": 155,
   "score": 1868,
   "date": "1993-12-15T17:41:28+00:00",
   "errors": 18
  }
 },
 {
  "model": "reeduc.playedgame",
  "pk": 91,
  "fields": {
   "game": 1,
   "player": 0,
   "comments": "Beaucoup d'erreurs ont été détectées avec l'index",
   "needed_time": 184,
   "score": 2374,
   "date": "2008-07-03T17:41:28+00:00",
   "errors": 14
  }
 },
 {
  "model": "reeduc.playedgame",
  "pk": 92,
  "fields": {
   "game": 1,
   "player": 2,
   "comments": "Beaucoup d'erreurs ont été détectées avec l'index",
   "needed_time": 140,
   "score": 260,
   "date": "1995-10-13T17:41:28+00:00",
   "errors": 14
  }
 },
 {
  "model": "reeduc.playedgame",
  "pk": 93,
  "fields": {
   "game": 3,
   "player": 2,
   "comments": "Beaucoup d'erreurs ont été détectées avec l'index",
   "needed_time": 111,
   "score": 1395,
   "date": "2000-07-04T17:41:28+00:00",
   "errors": 9
  }
 },
 {
  "model": "reeduc.playedgame",
  "pk": 94,
  "fields": {
   "game": 1,
   "player": 3,
   "comments": "Beaucoup d'erreurs ont été détectées avec l'index",
   "needed_time": 191,
   "score": 218,
   "date": "2010-06-09T17:41:28+00:00",
   "errors": 20
  }
 },
 {
  "model": "reeduc.playedgame",
  "pk": 95,
  "fields": {
   "game": 0,
   "player": 2,
   "comments": "Beaucoup d'erreurs ont été détectées avec l'index",
   "needed_time": 197,
   "score": 201,
   "date": "1994-10-12T17:41:28+00:00",
   "errors": 6
  }
 },
 {
  "model": "reeduc.playedgame",
  "pk": 96,
  "fields": {
   "game": 1,
   "player": 0,
   "comments": "Beaucoup d'erreurs ont été détectées avec l'index",
   "needed_time": 145,
   "score": 2244,
   "date": "2009-12-18T17:41:28+00:00",
   "errors": 8
  }
 },
 {
  "model": "reeduc.playedgame",
  "pk": 97,
  "fields": {
   "game": 3,
   "player": 2,
   "comments": "Beaucoup d'erreurs ont été détectées avec l'index",
   "needed_time": 155,
   "score": 813,
   "date": "1994-09-15T17:41:28+00:00",
   "errors": 1
  }
 },
 {
  "model": "reeduc.playedgame",
  "pk": 98,
  "fields": {
   "game": 3,
   "player": 3,
   "comments": "Beaucoup d'erreurs ont été détectées avec l'index",
   "needed_time": 190,
   "score": 698,
   "date": "1997-09-18T17:41:28+00:00",
   "errors": 12
  }
 },
 {
  "model": "reeduc.playedgame",
  "pk": 99,
  "fields": {
   "game": 1,
   "player": 3,
   "comments": "Beaucoup d'erreurs ont été détectées avec l'index",
   "needed_time": 186,
   "score": 2778,
   "date": "2006-12-14T17:41:28+00:00",
   "errors": 3
  }
 },
 {
  "model": "reeduc.playedgame",
  "pk": 100,
  "fields": {
   "game": 2,
   "player": 3,
   "comments": "Beaucoup d'erreurs ont été détectées avec l'index",
   "needed_time": 116,
   "score": 2195,
   "date": "1990-01-06T17:41:28+00:00",
   "errors": 18
  }
 },
 {
  "model": "reeduc.playedgame",
  "pk": 101,
  "fields": {
   "game": 0,
   "player": 2,
   "comments": "Beaucoup d'erreurs ont été détectées avec l'index",
   "needed_time": 113,
   "score": 1323,
   "date": "2003-11-02T17:41:28+00:00",
   "errors": 19
  }
 },
 {
  "model": "reeduc.playedgame",
  "pk": 102,
  "fields": {
   "game": 0,
   "player": 0,
   "comments": "Beaucoup d'erreurs ont été détectées avec l'index",
   "needed_time": 114,
   "score": 1678,
   "date": "1998-08-22T17:41:28+00:00",
   "errors": 18
  }
 },
 {
  "model": "reeduc.playedgame",
  "pk": 103,
  "fields": {
   "game": 3,
   "player": 3,
   "comments": "Beaucoup d'erreurs ont été détectées avec l'index",
   "needed_time": 110,
   "score": 1694,
   "date": "2001-02-22T17:41:28+00:00",
   "errors": 4
  }
 },
 {
  "model": "reeduc.playedgame",
  "pk": 104,
  "fields": {
   "game": 1,
   "player": 1,
   "comments": "Beaucoup d'erreurs ont été détectées avec l'index",
   "needed_time": 164,
   "score": 2056,
   "date": "1997-08-11T17:41:28+00:00",
   "errors": 5
  }
 },
 {
  "model": "reeduc.playedgame",
  "pk": 105,
  "fields": {
   "game": 3,
   "player": 1,
   "comments": "Beaucoup d'erreurs ont été détectées avec l'index",
   "needed_time": 148,
   "score": 1535,
   "date": "1997-08-12T17:41:28+00:00",
   "errors": 8
  }
 },
 {
  "model": "reeduc.playedgame",
  "pk": 106,
  "fields": {
   "game": 1,
   "player": 3,
   "comments": "Beaucoup d'erreurs ont été détectées avec l'index",
   "needed_time": 185,
   "score": 1445,
   "date": "1998-10-02T17:41:28+00:00",
   "errors": 15
  }
 },
 {
  "model": "reeduc.playedgame",
  "pk": 107,
  "fields": {
   "game": 3,
   "player": 0,
   "comments": "Beaucoup d'erreurs ont été détectées avec l'index",
   "needed_time": 136,
   "score": 1963,
   "date": "2003-11-11T17:41:28+00:00",
   "errors": 12
  }
 },
 {
  "model": "reeduc.playedgame",
  "pk": 108,
  "fields": {
   "game": 2,
   "player": 0,
   "comments": "Beaucoup d'erreurs ont été détectées avec l'index",
   "needed_time": 188,
   "score": 272,
   "date": "1998-05-17T17:41:28+00:00",
   "errors": 20
  }
 },
 {
  "model": "reeduc.playedgame",
  "pk": 109,
  "fields": {
   "game": 1,
   "player": 1,
   "comments": "Beaucoup d'erreurs ont été détectées avec l'index",
   "needed_time": 146,
   "score": 101,
   "date": "1992-11-23T17:41:28+00:00",
   "errors": 10
  }
 },
 {
  "model": "reeduc.playedgame",
  "pk": 110,
  "fields": {
   "game": 2,
   "player": 0,
   "comments": "Beaucoup d'erreurs ont été détectées avec l'index",
   "needed_time": 146,
   "score": 78,
   "date": "1996-07-04T17:41:28+00:00",
   "errors": 1
  }
 },
 {
  "model": "reeduc.playedgame",
  "pk": 111,
  "fields": {
   "game": 2,
   "player": 3,
   "comments": "Beaucoup d'erreurs ont été détectées avec l'index",
   "needed_time": 128,
   "score": 1902,
   "date": "2005-02-04T17:41:28+00:00",
   "errors": 11
  }
 },
 {
  "model": "reeduc.playedgame",
  "pk": 112,
  "fields": {
   "game": 0,
   "player": 0,
   "comments": "Beaucoup d'erreurs ont été détectées avec l'index",
   "needed_time": 139,
   "score": 2068,
   "date": "2006-07-10T17:41:28+00:00",
   "errors": 11
  }
 },
 {
  "model": "reeduc.playedgame",
  "pk": 113,
  "fields": {
   "game": 0,
   "player": 1,
   "comments": "Beaucoup d'erreurs ont été détectées avec l'index",
   "needed_time": 108,
   "score": 693,
   "date": "2003-08-15T17:41:28+00:00",
   "errors": 10
  }
 },
 {
  "model": "reeduc.playedgame",
  "pk": 114,
  "fields": {
   "game": 3,
   "player": 2,
   "comments": "Beaucoup d'erreurs ont été détectées avec l'index",
   "needed_time": 182,
   "score": 333,
   "date": "1993-12-07T17:41:28+00:00",
   "errors": 6
  }
 },
 {
  "model": "reeduc.playedgame",
  "pk": 115,
  "fields": {
   "game": 1,
   "player": 2,
   "comments": "Beaucoup d'erreurs ont été détectées avec l'index",
   "needed_time": 123,
   "score": 2681,
   "date": "2009-10-09T17:41:28+00:00",
   "errors": 12
  }
 },
 {
  "model": "reeduc.playedgame",
  "pk": 116,
  "fields": {
   "game": 0,
   "player": 2,
   "comments": "Beaucoup d'erreurs ont été détectées avec l'index",
   "needed_time": 125,
   "score": 1992,
   "date": "1996-12-25T17:41:28+00:00",
   "errors": 7
  }
 },
 {
  "model": "reeduc.playedgame",
  "pk": 117,
  "fields": {
   "game": 0,
   "player": 0,
   "comments": "Beaucoup d'erreurs ont été détectées avec l'index",
   "needed_time": 186,
   "score": 1537,
   "date": "2003-12-19T17:41:28+00:00",
   "errors": 11
  }
 },
 {
  "model": "reeduc.playedgame",
  "pk": 118,
  "fields": {
   "game": 1,
   "player": 1,
   "comments": "Beaucoup d'erreurs ont été détectées avec l'index",
   "needed_time": 162,
   "score": 309,
   "date": "1997-04-19T17:41:28+00:00",
   "errors": 9
  }
 },
 {
  "model": "reeduc.playedgame",
  "pk": 119,
  "fields": {
   "game": 3,
   "player": 3,
   "comments": "Beaucoup d'erreurs ont été détectées avec l'index",
   "needed_time": 123,
   "score": 2741,
   "date": "2008-01-05T17:41:28+00:00",
   "errors": 15
  }
 }
]